{
  "Google Ads": {
    "ctr": {
      "q10": 2.349,
      "q25": 2.91,
      "q50": 3.8699999999999997,
      "q75": 5.0,
      "q90": 5.781,
      "std": 1.2889204583227243
    },
    "roas": {
      "q10": 0.88,
      "q25": 1.4975,
      "q50": 3.045,
      "q75": 5.345,
      "q90": 8.758000000000003,
      "std": 3.6890110467040316
    }
  },
  "TikTok Ads": {
    "ctr": {
      "q10": 3.419,
      "q25": 4.2225,
      "q50": 5.3950000000000005,
      "q75": 6.69,
      "q90": 7.68,
      "std": 1.6014405597366737
    },
    "roas": {
      "q10": 2.015,
      "q25": 3.6625,
      "q50": 6.824999999999999,
      "q75": 12.27,
      "q90": 21.264000000000014,
      "std": 8.684879882310168
    }
  },
  "Meta Ads": {
    "ctr": {
      "q10": 1.2890000000000001,
      "q25": 1.78,
      "q50": 2.45,
      "q75": 3.1675,
      "q90": 3.7900000000000005,
      "std": 0.9088179696455666
    },
    "roas": {
      "q10": 1.3590000000000002,
      "q25": 2.6025,
      "q50": 4.895,
      "q75": 8.950000000000001,
      "q90": 14.392000000000001,
      "std": 6.446227525230406
    }
  }
}