{
  "Google Ads": {
    "ctr": {
      "q10": 2.349,
      "q25": 2.91,
      "q50": 3.8699999999999997,
      "q75": 5.0,
      "q90": 5.781,
      "std": 1.2889204583227243
    },
    "roas": {
      "q10": 0.88,
      "q25": 1.4975,
      "q50": 3.045,
      "q75": 5.345,
      "q90": 8.758000000000003,
      "std": 3.6890110467040316
    }
  },
  "TikTok Ads": {
    "ctr": {
      "q10": 3.419,
      "q25": 4.2225,
      "q50": 5.3950000000000005,
      "q75": 6.69,
      "q90": 7.68,
      "std": 1.6014405597366737
    },
    "roas": {
      "q10": 2.015,
      "q25": 3.6625,
      "q50": 6.824999999999999,
      "q75": 12.27,
      "q90": 21.264000000000014,
      "std": 8.684879882310168
    }
  },
  "Meta Ads": {
    "ctr": {
      "q10": 1.2890000000000001,
      "q25": 1.78,
      "q50": 2.45,
      "q75": 3.1675,
      "q90": 3.7900000000000005,
      "std": 0.9088179696455666
    },
    "roas": {
      "q10": 1.3590000000000002,
      "q25": 2.6025,
      "q50": 4.895,
      "q75": 8.950000000000001,
      "q90": 14.392000000000001,
      "std": 6.446227525230406
    }
  },
  "LinkedIn": {
    "_sources": "Databox Aug 2024, HockeyStack Labs 2025 (70+ B2B SaaS firms), NAV43 Q1-Q2 2025 (213M impressions), Dreamdata 2025 B2B Benchmark Report, Chartis Jan 2023-Sep 2024. CTR is for Sponsored Content / feed ads only (not Message Ads or Conversation Ads).",
    "ctr": {
      "q10": 0.20,
      "q25": 0.38,
      "q50": 0.53,
      "q75": 0.87,
      "q90": 1.05,
      "std": 0.33
    },
    "roas": {
      "q10": 0.60,
      "q25": 1.20,
      "q50": 2.50,
      "q75": 5.00,
      "q90": 8.00,
      "std": 2.90
    }
  },
  "Twitter/X": {
    "_sources": "Statista Q2 2024 (0.86% median CTR), Focus Digital Q4 2024 (mobile 0.92%, desktop 0.79%), WebFX/Spiralytics 2025 (promoted tweets 1-3% range), X Corp MMM study ($2.70 avg ROAS), practitioner-reported range 2.4x-5.2x (Buffer 2024). Note: engagement rates declined ~20% YoY in 2024 post-acquisition.",
    "ctr": {
      "q10": 0.20,
      "q25": 0.50,
      "q50": 0.86,
      "q75": 1.20,
      "q90": 2.50,
      "std": 0.90
    },
    "roas": {
      "q10": 0.30,
      "q25": 0.80,
      "q50": 2.00,
      "q75": 3.50,
      "q90": 5.20,
      "std": 1.91
    }
  }
}
